﻿<?xml version="1.0" encoding="utf-8"?>
<?xml-stylesheet type="text/xsl" href="book.xsl"?>
<books xmlns:xsi="http://www.w3.org/2001/XMLSchema-instance" xsi:noNamespaceSchemaLocation="./book.xsd">
	<book ISBN="9788932917672" IMG="9788932917672.jpg">
		<title>La Voix de la Terre</title>
		<author>Bernard Werber</author>
		<publisher>열린책들</publisher>
		<date>2016-05-02</date>
		<price>13800</price>
	</book>
	<book ISBN="8973374931" IMG="8973374931.jpg">
		<title>Blindness</title>
		<author>Jose Saramago</author>
		<publisher>해냄출판사</publisher>
		<date>2002-11-20</date>
		<price>14500</price>
	</book>
	<book ISBN="9788932907871" IMG="9788932907871.jpg">
		<title>L'arbre des possibles : (et autres histoires)</title>
		<author>Bernard Werber</author>
		<publisher>열린책들</publisher>
		<date>2008-03-01</date>
		<price>12800</price>
	</book>
	<book ISBN="9788932907741" IMG="9788932907741.jpg">
		<title>Le Papillon Des Etoiles</title>
		<author>Bernard Werber</author>
		<publisher>열린책들</publisher>
		<date>2013-05-30</date>
		<price>13800</price>
	</book>
	<book ISBN="9788990982407" IMG="9788990982407.jpg">
		<title>Dying Eye</title>
		<author>Higashino Keigo</author>
		<publisher>재인</publisher>
		<date>2010-07-30</date>
		<price>14800</price>
	</book>
	<book ISBN="9791185014517" IMG="9791185014517.jpg">
		<title>Illusion flower</title>
		<author>Higashino Keigo</author>
		<publisher>비채</publisher>
		<date>2014-05-20</date>
		<price>13800</price>
	</book>
	<book ISBN="9788901112831" IMG="9788901112831.jpg">
		<title>Detective club</title>
		<author>Higashino Keigo</author>
		<publisher>노블마인</publisher>
		<date>2010-10-12</date>
		<price>12800</price>
	</book>
	<book ISBN="9788954625586" IMG="9788954625586.jpg">
		<title>Men without woman</title>
		<author>Murakami Haruki</author>
		<publisher>재인</publisher>
		<date>2014-08-28</date>
		<price>13800</price>
	</book>
	<book ISBN="9788952768889" IMG="9788952768889.jpg">
		<title>Sixty-four</title>
		<author>Yokoyama Hideoi</author>
		<publisher>검은숲</publisher>
		<date>2013-05-08</date>
		<price>15000</price>
	</book>

	<book ISBN="9788984073470" IMG="9788984073470.jpg">
		<title>Traveler's Gift</title>
		<author>Andy Andrews</author>
		<publisher>세종서적</publisher>
		<date>2011-01-18</date>
		<price>12000</price>
	</book>
	<book ISBN="9788954620680" IMG="9788954620680.jpg">
		<title>The ultimate child</title>
		<author>Jang yong-min</author>
		<publisher>엘릭시르</publisher>
		<date>2013-03-08</date>
		<price>13800</price>
	</book>
	<book ISBN="9788997722006" IMG="9788997722006.jpg">
		<title>Strawberry Night </title>
		<author>Honda Teshuya</author>
		<publisher>씨엘북스</publisher>
		<date>2012-06-05</date>
		<price>7000</price>
	</book>
	<book ISBN="9788959894246" IMG="9788959894246.jpg">
		<title>Mobile Trend</title>
		<author>Connecting lab</author>
		<publisher>미래의창</publisher>
		<date>2016-10-25</date>
		<price>16000</price>
	</book>
	<book ISBN="9788996588733" IMG="9788996588733.jpg">
		<title>Science concert</title>
		<author>Jeong jae-seung</author>
		<publisher>어크로스</publisher>
		<date>2011-07-07</date>
		<price>13500</price>
	</book>
</books>
