﻿<?xml version="1.0" encoding="utf-8"?>
<?xml-stylesheet type="text/xsl" href="hobby.xsl"?>
<all xmlns:xsi="http://www.w3.org/2001/XMLSchema-instance" xsi:noNamespaceSchemaLocation="./hobby.xsd">
  <subject>Play the game</subject>
  <outline>
    <title>게임하기(Play the game)</title>
    <image>./images/game1.jpg</image>
    <read>
    가끔은 이런저런 이유로 스트레스 받을 때도 있습니다. 그럴땐 컴퓨터 게임도 즐겨합니다. 온라인 게임도 많이 있지만
    콘솔게임도 재미있습니다. 다양한 스토리와 화려한 그래픽으로 액션을 즐기다보면 짜증도 사라집니다.
    </read>
  </outline>
  <details>
      <info>Blizzard : Overwatch</info>
      <info>Blizzard : Diablo 3</info>
      <info>Valve : Left4Dead 2</info>
      <info>Bethesda Softworks : Fallout4</info>
  </details>
</all>