﻿<?xml version="1.0" encoding="utf-8"?>
<?xml-stylesheet type="text/xsl" href="hobbylink.xsl"?>
<all xmlns:xsi="http://www.w3.org/2001/XMLSchema-instance" xsi:noNamespaceSchemaLocation="./hobbylink.xsd">
	<title> Hobby List </title>
	<hobbylist>
		<hobby>
			<what>Listen music</what>
			<linker url="./music.xml">./images/music.jpg</linker>
		</hobby>
		<hobby>
			<what>Play the game</what>
			<linker url="./game.xml">./images/game1.jpg</linker>
		</hobby>
		<hobby>
			<what>Workout</what>
			<linker url="./work.xml">./images/work.jpg</linker>
		</hobby>
	</hobbylist>
</all>
