﻿<?xml version="1.0" encoding="utf-8"?>
<?xml-stylesheet type="text/xsl" href="intro.xsl"?>
<all xmlns:xsi="http://www.w3.org/2001/XMLSchema-instance" xsi:noNamespaceSchemaLocation="./intro.xsd">
	<title> Introduce </title>
	<body>
    		<strapline color="silver">Who am I?</strapline>

    		<name>Choi dong-gyu </name>

    		<birth>1993-12-21</birth>

  		<address> 부산광역시 수영구 장대골로 76번길 11 (Busan, suyounggu Jangdaegolro 76th 11)</address>
   		 
		<achivement>
  		
 		<elementary> Hoam elementary school </elementary>

   		<middle> Dong-a middle school </middle>

    		<high> Dong-cheon high school </high>

    		<univ> Dong-eui University </univ>

    		</achivement>
	</body>
</all>
