﻿<?xml version="1.0" encoding="utf-8" ?>
<이력 xmlns:xsi="http://www.w3.org/2001/XMLSchema-instance" xsi:noNamespaceSchemaLocation="./이력서.xsd">

 <기 기수="1" 반="자바모바일">

  <이력서>
   <지원사항>
    <지원부문>JAVA Mobile</지원부문>
    <희망연봉>회사규정에 따라</희망연봉>
    <핸드폰>010-9026-3280</핸드폰>
    <e-mail>kkk@korea.com</e-mail>
   </지원사항>
   <기본사항>
    <성명 사진="img001.jpg">박차고</성명>
    <주민등록번호>880823-1009310</주민등록번호>
    <생년월일>
     <년>1988</년>
     <월>8</월>
     <일생>23</일생>
     <만>23</만>
    </생년월일>
    <연락처>
     <집>02-123-4567</집>
    </연락처>
    <주소 우편번호="131-206">
     <시>서울특별시</시>
     <구>상수구</구>
     <동>하수6동</동>
     <동호수>71-55 1층</동호수>
    </주소>
    <호적관계>
     <호주관계>자</호주관계>
     <호주성명>박치기</호주성명>
    </호적관계>
   </기본사항>
   
   <학력사항>
    <학교>
     <년월일>
      <년>1998</년>
      <월>2</월>
      <일>14</일>
     </년월일>
     <내용>대한고등학교 졸업</내용>
     <비고>.</비고>
    </학교>
    <학교>
     <년월일>
      <년>1998</년>
      <월>3</월>
      <일>4</일>
     </년월일>
     <내용>한국대학교 전자계산과 입학</내용>
     <비고>.</비고>
    </학교>
    <학교>
     <년월일>
      <년>2001</년>
      <월>2</월>
      <일>14</일>
     </년월일>
     <내용>한국대학교 전자계산과 졸업</내용>
     <비고>.</비고>
    </학교>
   </학력사항>
   
   <경력사항>
    <경력>
     <년월일>
      <년>2002</년>
      <월>12</월>
      <일>9</일>
     </년월일>
     <내용>직업능력센터 자바</내용>
     <비고>수강중</비고>
     <web>.</web>
    </경력>
   </경력사항>
   
   <프로젝트>
    <프로젝트명>한국대 졸업작품(모바일 웹사이트)</프로젝트명>
    <기간>2002.10.1-2002.11.30</기간>
    <역할>팀장</역할>
    <사용기술>
     <OS>Windows XP Professional</OS>
     <DB>MS-SQL 2005</DB>
     <Language>WML, JSP, JAVA, C++</Language>
    </사용기술>
   </프로젝트>
   
   <자격특기사항>
    <자격특기>
     <년월일>
      <년>2002</년>
      <월>03</월>
      <일>.</일>
     </년월일>
     <내용>산업기사</내용>
     <발령청>산업인력관리공단</발령청>
    </자격특기>
    <자격특기>
     <년월일>
      <년>2003</년>
      <월>.</월>
      <일>.</일>
     </년월일>
     <내용>정보통신운용기사</내용>
     <발령청>산업인력관리공단</발령청>
    </자격특기>
    <취미>만화(낙서)그리기, 영화감상, 인라인, 카트라이더(게임)</취미>
   </자격특기사항>
   
   <보유능력사항>
    <OS>Windows 톄, Windows 2003 Server</OS>
    <Language>JAVA,HTML,JSP,EJB,JavaScrpit,XML</Language>
    <DB>MS-SQL,Oracle</DB>
    <GraphicTool>PhotoShop</GraphicTool>
    <기타Util>Jbuilder</기타Util>
   </보유능력사항>

  </이력서>
 </기>
</이력>